Apartment_ID,Year,Month,Season,Monthly_kWh
Apt_1,2015,Jan,Winter,294
Apt_1,2015,Feb,Winter,303
Apt_1,2015,Mar,Autumn,335
Apt_1,2015,Apr,Summer_Peak,408
Apt_1,2015,May,Summer_Peak,416
Apt_1,2015,Jun,Monsoon,348
Apt_1,2015,Jul,Monsoon,351
Apt_1,2015,Aug,Monsoon,345
Apt_1,2015,Sep,Autumn,325
Apt_1,2015,Oct,Autumn,322
Apt_1,2015,Nov,Winter,308
Apt_1,2015,Dec,Winter,296
Apt_1,2016,Jan,Winter,300
Apt_1,2016,Feb,Winter,312
Apt_1,2016,Mar,Autumn,333
Apt_1,2016,Apr,Summer_Peak,415
Apt_1,2016,May,Summer_Peak,384
Apt_1,2016,Jun,Monsoon,353
Apt_1,2016,Jul,Monsoon,368
Apt_1,2016,Aug,Monsoon,347
Apt_1,2016,Sep,Autumn,332
Apt_1,2016,Oct,Autumn,324
Apt_1,2016,Nov,Winter,285
Apt_1,2016,Dec,Winter,301
Apt_1,2017,Jan,Winter,292
Apt_1,2017,Feb,Winter,280
Apt_1,2017,Mar,Autumn,326
Apt_1,2017,Apr,Summer_Peak,416
Apt_1,2017,May,Summer_Peak,381
Apt_1,2017,Jun,Monsoon,368
Apt_1,2017,Jul,Monsoon,361
Apt_1,2017,Aug,Monsoon,343
Apt_1,2017,Sep,Autumn,332
Apt_1,2017,Oct,Autumn,331
Apt_1,2017,Nov,Winter,289
Apt_1,2017,Dec,Winter,307
Apt_1,2018,Jan,Winter,283
Apt_1,2018,Feb,Winter,291
Apt_1,2018,Mar,Autumn,337
Apt_1,2018,Apr,Summer_Peak,390
Apt_1,2018,May,Summer_Peak,414
Apt_1,2018,Jun,Monsoon,341
Apt_1,2018,Jul,Monsoon,364
Apt_1,2018,Aug,Monsoon,345
Apt_1,2018,Sep,Autumn,325
Apt_1,2018,Oct,Autumn,325
Apt_1,2018,Nov,Winter,303
Apt_1,2018,Dec,Winter,285
Apt_1,2019,Jan,Winter,285
Apt_1,2019,Feb,Winter,289
Apt_1,2019,Mar,Autumn,333
Apt_1,2019,Apr,Summer_Peak,406
Apt_1,2019,May,Summer_Peak,399
Apt_1,2019,Jun,Monsoon,370
Apt_1,2019,Jul,Monsoon,365
Apt_1,2019,Aug,Monsoon,343
Apt_1,2019,Sep,Autumn,312
Apt_1,2019,Oct,Autumn,331
Apt_1,2019,Nov,Winter,308
Apt_1,2019,Dec,Winter,305
Apt_1,2020,Jan,Winter,316
Apt_1,2020,Feb,Winter,292
Apt_1,2020,Mar,Autumn,334
Apt_1,2020,Apr,Summer_Peak,414
Apt_1,2020,May,Summer_Peak,415
Apt_1,2020,Jun,Monsoon,368
Apt_1,2020,Jul,Monsoon,350
Apt_1,2020,Aug,Monsoon,341
Apt_1,2020,Sep,Autumn,326
Apt_1,2020,Oct,Autumn,313
Apt_1,2020,Nov,Winter,302
Apt_1,2020,Dec,Winter,298
Apt_1,2021,Jan,Winter,303
Apt_1,2021,Feb,Winter,297
Apt_1,2021,Mar,Autumn,340
Apt_1,2021,Apr,Summer_Peak,399
Apt_1,2021,May,Summer_Peak,403
Apt_1,2021,Jun,Monsoon,347
Apt_1,2021,Jul,Monsoon,361
Apt_1,2021,Aug,Monsoon,346
Apt_1,2021,Sep,Autumn,323
Apt_1,2021,Oct,Autumn,310
Apt_1,2021,Nov,Winter,298
Apt_1,2021,Dec,Winter,292
Apt_1,2022,Jan,Winter,301
Apt_1,2022,Feb,Winter,293
Apt_1,2022,Mar,Autumn,315
Apt_1,2022,Apr,Summer_Peak,384
Apt_1,2022,May,Summer_Peak,416
Apt_1,2022,Jun,Monsoon,355
Apt_1,2022,Jul,Monsoon,348
Apt_1,2022,Aug,Monsoon,352
Apt_1,2022,Sep,Autumn,338
Apt_1,2022,Oct,Autumn,324
Apt_1,2022,Nov,Winter,296
Apt_1,2022,Dec,Winter,287
Apt_1,2023,Jan,Winter,293
Apt_1,2023,Feb,Winter,307
Apt_1,2023,Mar,Autumn,321
Apt_1,2023,Apr,Summer_Peak,413
Apt_1,2023,May,Summer_Peak,388
Apt_1,2023,Jun,Monsoon,352
Apt_1,2023,Jul,Monsoon,357
Apt_1,2023,Aug,Monsoon,358
Apt_1,2023,Sep,Autumn,333
Apt_1,2023,Oct,Autumn,326
Apt_1,2023,Nov,Winter,298
Apt_1,2023,Dec,Winter,285
Apt_1,2024,Jan,Winter,294
Apt_1,2024,Feb,Winter,294
Apt_1,2024,Mar,Autumn,333
Apt_1,2024,Apr,Summer_Peak,392
Apt_1,2024,May,Summer_Peak,404
Apt_1,2024,Jun,Monsoon,356
Apt_1,2024,Jul,Monsoon,357
Apt_1,2024,Aug,Monsoon,367
Apt_1,2024,Sep,Autumn,311
Apt_1,2024,Oct,Autumn,313
Apt_1,2024,Nov,Winter,293
Apt_1,2024,Dec,Winter,306
Apt_2,2015,Jan,Winter,300
Apt_2,2015,Feb,Winter,333
Apt_2,2015,Mar,Autumn,357
Apt_2,2015,Apr,Summer_Peak,403
Apt_2,2015,May,Summer_Peak,440
Apt_2,2015,Jun,Monsoon,368
Apt_2,2015,Jul,Monsoon,367
Apt_2,2015,Aug,Monsoon,382
Apt_2,2015,Sep,Autumn,353
Apt_2,2015,Oct,Autumn,353
Apt_2,2015,Nov,Winter,333
Apt_2,2015,Dec,Winter,323
Apt_2,2016,Jan,Winter,332
Apt_2,2016,Feb,Winter,317
Apt_2,2016,Mar,Autumn,347
Apt_2,2016,Apr,Summer_Peak,435
Apt_2,2016,May,Summer_Peak,425
Apt_2,2016,Jun,Monsoon,389
Apt_2,2016,Jul,Monsoon,386
Apt_2,2016,Aug,Monsoon,380
Apt_2,2016,Sep,Autumn,358
Apt_2,2016,Oct,Autumn,353
Apt_2,2016,Nov,Winter,323
Apt_2,2016,Dec,Winter,315
Apt_2,2017,Jan,Winter,303
Apt_2,2017,Feb,Winter,314
Apt_2,2017,Mar,Autumn,344
Apt_2,2017,Apr,Summer_Peak,413
Apt_2,2017,May,Summer_Peak,418
Apt_2,2017,Jun,Monsoon,386
Apt_2,2017,Jul,Monsoon,388
Apt_2,2017,Aug,Monsoon,375
Apt_2,2017,Sep,Autumn,350
Apt_2,2017,Oct,Autumn,360
Apt_2,2017,Nov,Winter,334
Apt_2,2017,Dec,Winter,302
Apt_2,2018,Jan,Winter,331
Apt_2,2018,Feb,Winter,340
Apt_2,2018,Mar,Autumn,346
Apt_2,2018,Apr,Summer_Peak,419
Apt_2,2018,May,Summer_Peak,403
Apt_2,2018,Jun,Monsoon,367
Apt_2,2018,Jul,Monsoon,363
Apt_2,2018,Aug,Monsoon,363
Apt_2,2018,Sep,Autumn,358
Apt_2,2018,Oct,Autumn,360
Apt_2,2018,Nov,Winter,331
Apt_2,2018,Dec,Winter,311
Apt_2,2019,Jan,Winter,339
Apt_2,2019,Feb,Winter,323
Apt_2,2019,Mar,Autumn,332
Apt_2,2019,Apr,Summer_Peak,426
Apt_2,2019,May,Summer_Peak,405
Apt_2,2019,Jun,Monsoon,365
Apt_2,2019,Jul,Monsoon,371
Apt_2,2019,Aug,Monsoon,365
Apt_2,2019,Sep,Autumn,336
Apt_2,2019,Oct,Autumn,330
Apt_2,2019,Nov,Winter,309
Apt_2,2019,Dec,Winter,333
Apt_2,2020,Jan,Winter,337
Apt_2,2020,Feb,Winter,310
Apt_2,2020,Mar,Autumn,359
Apt_2,2020,Apr,Summer_Peak,424
Apt_2,2020,May,Summer_Peak,415
Apt_2,2020,Jun,Monsoon,385
Apt_2,2020,Jul,Monsoon,390
Apt_2,2020,Aug,Monsoon,366
Apt_2,2020,Sep,Autumn,347
Apt_2,2020,Oct,Autumn,330
Apt_2,2020,Nov,Winter,301
Apt_2,2020,Dec,Winter,303
Apt_2,2021,Jan,Winter,314
Apt_2,2021,Feb,Winter,330
Apt_2,2021,Mar,Autumn,349
Apt_2,2021,Apr,Summer_Peak,437
Apt_2,2021,May,Summer_Peak,412
Apt_2,2021,Jun,Monsoon,367
Apt_2,2021,Jul,Monsoon,363
Apt_2,2021,Aug,Monsoon,383
Apt_2,2021,Sep,Autumn,350
Apt_2,2021,Oct,Autumn,331
Apt_2,2021,Nov,Winter,335
Apt_2,2021,Dec,Winter,330
Apt_2,2022,Jan,Winter,331
Apt_2,2022,Feb,Winter,310
Apt_2,2022,Mar,Autumn,341
Apt_2,2022,Apr,Summer_Peak,431
Apt_2,2022,May,Summer_Peak,413
Apt_2,2022,Jun,Monsoon,386
Apt_2,2022,Jul,Monsoon,363
Apt_2,2022,Aug,Monsoon,384
Apt_2,2022,Sep,Autumn,340
Apt_2,2022,Oct,Autumn,337
Apt_2,2022,Nov,Winter,318
Apt_2,2022,Dec,Winter,303
Apt_2,2023,Jan,Winter,313
Apt_2,2023,Feb,Winter,335
Apt_2,2023,Mar,Autumn,334
Apt_2,2023,Apr,Summer_Peak,429
Apt_2,2023,May,Summer_Peak,436
Apt_2,2023,Jun,Monsoon,371
Apt_2,2023,Jul,Monsoon,362
Apt_2,2023,Aug,Monsoon,378
Apt_2,2023,Sep,Autumn,355
Apt_2,2023,Oct,Autumn,354
Apt_2,2023,Nov,Winter,308
Apt_2,2023,Dec,Winter,336
Apt_2,2024,Jan,Winter,338
Apt_2,2024,Feb,Winter,313
Apt_2,2024,Mar,Autumn,350
Apt_2,2024,Apr,Summer_Peak,414
Apt_2,2024,May,Summer_Peak,401
Apt_2,2024,Jun,Monsoon,381
Apt_2,2024,Jul,Monsoon,375
Apt_2,2024,Aug,Monsoon,364
Apt_2,2024,Sep,Autumn,333
Apt_2,2024,Oct,Autumn,353
Apt_2,2024,Nov,Winter,303
Apt_2,2024,Dec,Winter,309
Apt_3,2015,Jan,Winter,356
Apt_3,2015,Feb,Winter,343
Apt_3,2015,Mar,Autumn,355
Apt_3,2015,Apr,Summer_Peak,446
Apt_3,2015,May,Summer_Peak,431
Apt_3,2015,Jun,Monsoon,401
Apt_3,2015,Jul,Monsoon,383
Apt_3,2015,Aug,Monsoon,402
Apt_3,2015,Sep,Autumn,368
Apt_3,2015,Oct,Autumn,379
Apt_3,2015,Nov,Winter,327
Apt_3,2015,Dec,Winter,338
Apt_3,2016,Jan,Winter,326
Apt_3,2016,Feb,Winter,339
Apt_3,2016,Mar,Autumn,355
Apt_3,2016,Apr,Summer_Peak,436
Apt_3,2016,May,Summer_Peak,448
Apt_3,2016,Jun,Monsoon,385
Apt_3,2016,Jul,Monsoon,386
Apt_3,2016,Aug,Monsoon,384
Apt_3,2016,Sep,Autumn,366
Apt_3,2016,Oct,Autumn,357
Apt_3,2016,Nov,Winter,327
Apt_3,2016,Dec,Winter,327
Apt_3,2017,Jan,Winter,349
Apt_3,2017,Feb,Winter,325
Apt_3,2017,Mar,Autumn,374
Apt_3,2017,Apr,Summer_Peak,433
Apt_3,2017,May,Summer_Peak,450
Apt_3,2017,Jun,Monsoon,388
Apt_3,2017,Jul,Monsoon,385
Apt_3,2017,Aug,Monsoon,395
Apt_3,2017,Sep,Autumn,370
Apt_3,2017,Oct,Autumn,360
Apt_3,2017,Nov,Winter,355
Apt_3,2017,Dec,Winter,340
Apt_3,2018,Jan,Winter,322
Apt_3,2018,Feb,Winter,340
Apt_3,2018,Mar,Autumn,360
Apt_3,2018,Apr,Summer_Peak,425
Apt_3,2018,May,Summer_Peak,440
Apt_3,2018,Jun,Monsoon,400
Apt_3,2018,Jul,Monsoon,384
Apt_3,2018,Aug,Monsoon,392
Apt_3,2018,Sep,Autumn,379
Apt_3,2018,Oct,Autumn,354
Apt_3,2018,Nov,Winter,331
Apt_3,2018,Dec,Winter,323
Apt_3,2019,Jan,Winter,350
Apt_3,2019,Feb,Winter,332
Apt_3,2019,Mar,Autumn,358
Apt_3,2019,Apr,Summer_Peak,447
Apt_3,2019,May,Summer_Peak,454
Apt_3,2019,Jun,Monsoon,403
Apt_3,2019,Jul,Monsoon,393
Apt_3,2019,Aug,Monsoon,383
Apt_3,2019,Sep,Autumn,364
Apt_3,2019,Oct,Autumn,356
Apt_3,2019,Nov,Winter,325
Apt_3,2019,Dec,Winter,352
Apt_3,2020,Jan,Winter,353
Apt_3,2020,Feb,Winter,332
Apt_3,2020,Mar,Autumn,364
Apt_3,2020,Apr,Summer_Peak,450
Apt_3,2020,May,Summer_Peak,449
Apt_3,2020,Jun,Monsoon,380
Apt_3,2020,Jul,Monsoon,383
Apt_3,2020,Aug,Monsoon,388
Apt_3,2020,Sep,Autumn,354
Apt_3,2020,Oct,Autumn,354
Apt_3,2020,Nov,Winter,358
Apt_3,2020,Dec,Winter,352
Apt_3,2021,Jan,Winter,332
Apt_3,2021,Feb,Winter,346
Apt_3,2021,Mar,Autumn,370
Apt_3,2021,Apr,Summer_Peak,453
Apt_3,2021,May,Summer_Peak,426
Apt_3,2021,Jun,Monsoon,389
Apt_3,2021,Jul,Monsoon,385
Apt_3,2021,Aug,Monsoon,381
Apt_3,2021,Sep,Autumn,376
Apt_3,2021,Oct,Autumn,366
Apt_3,2021,Nov,Winter,339
Apt_3,2021,Dec,Winter,358
Apt_3,2022,Jan,Winter,339
Apt_3,2022,Feb,Winter,333
Apt_3,2022,Mar,Autumn,371
Apt_3,2022,Apr,Summer_Peak,435
Apt_3,2022,May,Summer_Peak,436
Apt_3,2022,Jun,Monsoon,392
Apt_3,2022,Jul,Monsoon,391
Apt_3,2022,Aug,Monsoon,403
Apt_3,2022,Sep,Autumn,352
Apt_3,2022,Oct,Autumn,371
Apt_3,2022,Nov,Winter,358
Apt_3,2022,Dec,Winter,357
Apt_3,2023,Jan,Winter,358
Apt_3,2023,Feb,Winter,349
Apt_3,2023,Mar,Autumn,350
Apt_3,2023,Apr,Summer_Peak,424
Apt_3,2023,May,Summer_Peak,435
Apt_3,2023,Jun,Monsoon,399
Apt_3,2023,Jul,Monsoon,400
Apt_3,2023,Aug,Monsoon,398
Apt_3,2023,Sep,Autumn,375
Apt_3,2023,Oct,Autumn,367
Apt_3,2023,Nov,Winter,345
Apt_3,2023,Dec,Winter,322
Apt_3,2024,Jan,Winter,338
Apt_3,2024,Feb,Winter,329
Apt_3,2024,Mar,Autumn,360
Apt_3,2024,Apr,Summer_Peak,459
Apt_3,2024,May,Summer_Peak,447
Apt_3,2024,Jun,Monsoon,399
Apt_3,2024,Jul,Monsoon,407
Apt_3,2024,Aug,Monsoon,405
Apt_3,2024,Sep,Autumn,374
Apt_3,2024,Oct,Autumn,370
Apt_3,2024,Nov,Winter,358
Apt_3,2024,Dec,Winter,348
Apt_4,2015,Jan,Winter,380
Apt_4,2015,Feb,Winter,364
Apt_4,2015,Mar,Autumn,377
Apt_4,2015,Apr,Summer_Peak,462
Apt_4,2015,May,Summer_Peak,454
Apt_4,2015,Jun,Monsoon,408
Apt_4,2015,Jul,Monsoon,409
Apt_4,2015,Aug,Monsoon,420
Apt_4,2015,Sep,Autumn,378
Apt_4,2015,Oct,Autumn,378
Apt_4,2015,Nov,Winter,366
Apt_4,2015,Dec,Winter,377
Apt_4,2016,Jan,Winter,360
Apt_4,2016,Feb,Winter,346
Apt_4,2016,Mar,Autumn,398
Apt_4,2016,Apr,Summer_Peak,472
Apt_4,2016,May,Summer_Peak,450
Apt_4,2016,Jun,Monsoon,429
Apt_4,2016,Jul,Monsoon,430
Apt_4,2016,Aug,Monsoon,426
Apt_4,2016,Sep,Autumn,395
Apt_4,2016,Oct,Autumn,392
Apt_4,2016,Nov,Winter,349
Apt_4,2016,Dec,Winter,341
Apt_4,2017,Jan,Winter,359
Apt_4,2017,Feb,Winter,340
Apt_4,2017,Mar,Autumn,371
Apt_4,2017,Apr,Summer_Peak,443
Apt_4,2017,May,Summer_Peak,479
Apt_4,2017,Jun,Monsoon,418
Apt_4,2017,Jul,Monsoon,403
Apt_4,2017,Aug,Monsoon,421
Apt_4,2017,Sep,Autumn,398
Apt_4,2017,Oct,Autumn,378
Apt_4,2017,Nov,Winter,368
Apt_4,2017,Dec,Winter,363
Apt_4,2018,Jan,Winter,343
Apt_4,2018,Feb,Winter,370
Apt_4,2018,Mar,Autumn,396
Apt_4,2018,Apr,Summer_Peak,460
Apt_4,2018,May,Summer_Peak,448
Apt_4,2018,Jun,Monsoon,418
Apt_4,2018,Jul,Monsoon,430
Apt_4,2018,Aug,Monsoon,428
Apt_4,2018,Sep,Autumn,393
Apt_4,2018,Oct,Autumn,384
Apt_4,2018,Nov,Winter,374
Apt_4,2018,Dec,Winter,360
Apt_4,2019,Jan,Winter,343
Apt_4,2019,Feb,Winter,348
Apt_4,2019,Mar,Autumn,393
Apt_4,2019,Apr,Summer_Peak,447
Apt_4,2019,May,Summer_Peak,479
Apt_4,2019,Jun,Monsoon,401
Apt_4,2019,Jul,Monsoon,422
Apt_4,2019,Aug,Monsoon,418
Apt_4,2019,Sep,Autumn,389
Apt_4,2019,Oct,Autumn,372
Apt_4,2019,Nov,Winter,368
Apt_4,2019,Dec,Winter,346
Apt_4,2020,Jan,Winter,375
Apt_4,2020,Feb,Winter,364
Apt_4,2020,Mar,Autumn,395
Apt_4,2020,Apr,Summer_Peak,465
Apt_4,2020,May,Summer_Peak,454
Apt_4,2020,Jun,Monsoon,410
Apt_4,2020,Jul,Monsoon,405
Apt_4,2020,Aug,Monsoon,400
Apt_4,2020,Sep,Autumn,379
Apt_4,2020,Oct,Autumn,400
Apt_4,2020,Nov,Winter,365
Apt_4,2020,Dec,Winter,350
Apt_4,2021,Jan,Winter,342
Apt_4,2021,Feb,Winter,355
Apt_4,2021,Mar,Autumn,386
Apt_4,2021,Apr,Summer_Peak,478
Apt_4,2021,May,Summer_Peak,451
Apt_4,2021,Jun,Monsoon,411
Apt_4,2021,Jul,Monsoon,412
Apt_4,2021,Aug,Monsoon,411
Apt_4,2021,Sep,Autumn,389
Apt_4,2021,Oct,Autumn,393
Apt_4,2021,Nov,Winter,366
Apt_4,2021,Dec,Winter,373
Apt_4,2022,Jan,Winter,349
Apt_4,2022,Feb,Winter,343
Apt_4,2022,Mar,Autumn,388
Apt_4,2022,Apr,Summer_Peak,473
Apt_4,2022,May,Summer_Peak,464
Apt_4,2022,Jun,Monsoon,401
Apt_4,2022,Jul,Monsoon,420
Apt_4,2022,Aug,Monsoon,425
Apt_4,2022,Sep,Autumn,370
Apt_4,2022,Oct,Autumn,376
Apt_4,2022,Nov,Winter,342
Apt_4,2022,Dec,Winter,357
Apt_4,2023,Jan,Winter,378
Apt_4,2023,Feb,Winter,367
Apt_4,2023,Mar,Autumn,397
Apt_4,2023,Apr,Summer_Peak,464
Apt_4,2023,May,Summer_Peak,445
Apt_4,2023,Jun,Monsoon,406
Apt_4,2023,Jul,Monsoon,406
Apt_4,2023,Aug,Monsoon,426
Apt_4,2023,Sep,Autumn,372
Apt_4,2023,Oct,Autumn,378
Apt_4,2023,Nov,Winter,376
Apt_4,2023,Dec,Winter,365
Apt_4,2024,Jan,Winter,372
Apt_4,2024,Feb,Winter,343
Apt_4,2024,Mar,Autumn,388
Apt_4,2024,Apr,Summer_Peak,477
Apt_4,2024,May,Summer_Peak,467
Apt_4,2024,Jun,Monsoon,401
Apt_4,2024,Jul,Monsoon,410
Apt_4,2024,Aug,Monsoon,423
Apt_4,2024,Sep,Autumn,399
Apt_4,2024,Oct,Autumn,387
Apt_4,2024,Nov,Winter,378
Apt_4,2024,Dec,Winter,365
Apt_5,2015,Jan,Winter,360
Apt_5,2015,Feb,Winter,362
Apt_5,2015,Mar,Autumn,394
Apt_5,2015,Apr,Summer_Peak,477
Apt_5,2015,May,Summer_Peak,469
Apt_5,2015,Jun,Monsoon,427
Apt_5,2015,Jul,Monsoon,441
Apt_5,2015,Aug,Monsoon,447
Apt_5,2015,Sep,Autumn,411
Apt_5,2015,Oct,Autumn,418
Apt_5,2015,Nov,Winter,389
Apt_5,2015,Dec,Winter,378
Apt_5,2016,Jan,Winter,386
Apt_5,2016,Feb,Winter,396
Apt_5,2016,Mar,Autumn,399
Apt_5,2016,Apr,Summer_Peak,497
Apt_5,2016,May,Summer_Peak,496
Apt_5,2016,Jun,Monsoon,446
Apt_5,2016,Jul,Monsoon,432
Apt_5,2016,Aug,Monsoon,444
Apt_5,2016,Sep,Autumn,414
Apt_5,2016,Oct,Autumn,414
Apt_5,2016,Nov,Winter,398
Apt_5,2016,Dec,Winter,384
Apt_5,2017,Jan,Winter,370
Apt_5,2017,Feb,Winter,397
Apt_5,2017,Mar,Autumn,409
Apt_5,2017,Apr,Summer_Peak,482
Apt_5,2017,May,Summer_Peak,493
Apt_5,2017,Jun,Monsoon,426
Apt_5,2017,Jul,Monsoon,425
Apt_5,2017,Aug,Monsoon,440
Apt_5,2017,Sep,Autumn,402
Apt_5,2017,Oct,Autumn,412
Apt_5,2017,Nov,Winter,395
Apt_5,2017,Dec,Winter,371
Apt_5,2018,Jan,Winter,399
Apt_5,2018,Feb,Winter,390
Apt_5,2018,Mar,Autumn,398
Apt_5,2018,Apr,Summer_Peak,487
Apt_5,2018,May,Summer_Peak,479
Apt_5,2018,Jun,Monsoon,428
Apt_5,2018,Jul,Monsoon,439
Apt_5,2018,Aug,Monsoon,433
Apt_5,2018,Sep,Autumn,394
Apt_5,2018,Oct,Autumn,406
Apt_5,2018,Nov,Winter,378
Apt_5,2018,Dec,Winter,365
Apt_5,2019,Jan,Winter,369
Apt_5,2019,Feb,Winter,370
Apt_5,2019,Mar,Autumn,392
Apt_5,2019,Apr,Summer_Peak,496
Apt_5,2019,May,Summer_Peak,484
Apt_5,2019,Jun,Monsoon,443
Apt_5,2019,Jul,Monsoon,448
Apt_5,2019,Aug,Monsoon,445
Apt_5,2019,Sep,Autumn,393
Apt_5,2019,Oct,Autumn,418
Apt_5,2019,Nov,Winter,391
Apt_5,2019,Dec,Winter,394
Apt_5,2020,Jan,Winter,362
Apt_5,2020,Feb,Winter,363
Apt_5,2020,Mar,Autumn,401
Apt_5,2020,Apr,Summer_Peak,465
Apt_5,2020,May,Summer_Peak,494
Apt_5,2020,Jun,Monsoon,436
Apt_5,2020,Jul,Monsoon,434
Apt_5,2020,Aug,Monsoon,447
Apt_5,2020,Sep,Autumn,417
Apt_5,2020,Oct,Autumn,419
Apt_5,2020,Nov,Winter,366
Apt_5,2020,Dec,Winter,399
Apt_5,2021,Jan,Winter,379
Apt_5,2021,Feb,Winter,394
Apt_5,2021,Mar,Autumn,416
Apt_5,2021,Apr,Summer_Peak,500
Apt_5,2021,May,Summer_Peak,476
Apt_5,2021,Jun,Monsoon,444
Apt_5,2021,Jul,Monsoon,426
Apt_5,2021,Aug,Monsoon,429
Apt_5,2021,Sep,Autumn,405
Apt_5,2021,Oct,Autumn,396
Apt_5,2021,Nov,Winter,383
Apt_5,2021,Dec,Winter,382
Apt_5,2022,Jan,Winter,386
Apt_5,2022,Feb,Winter,361
Apt_5,2022,Mar,Autumn,397
Apt_5,2022,Apr,Summer_Peak,486
Apt_5,2022,May,Summer_Peak,462
Apt_5,2022,Jun,Monsoon,450
Apt_5,2022,Jul,Monsoon,450
Apt_5,2022,Aug,Monsoon,445
Apt_5,2022,Sep,Autumn,398
Apt_5,2022,Oct,Autumn,403
Apt_5,2022,Nov,Winter,386
Apt_5,2022,Dec,Winter,390
Apt_5,2023,Jan,Winter,370
Apt_5,2023,Feb,Winter,393
Apt_5,2023,Mar,Autumn,409
Apt_5,2023,Apr,Summer_Peak,490
Apt_5,2023,May,Summer_Peak,493
Apt_5,2023,Jun,Monsoon,420
Apt_5,2023,Jul,Monsoon,443
Apt_5,2023,Aug,Monsoon,423
Apt_5,2023,Sep,Autumn,420
Apt_5,2023,Oct,Autumn,404
Apt_5,2023,Nov,Winter,381
Apt_5,2023,Dec,Winter,365
Apt_5,2024,Jan,Winter,360
Apt_5,2024,Feb,Winter,400
Apt_5,2024,Mar,Autumn,393
Apt_5,2024,Apr,Summer_Peak,475
Apt_5,2024,May,Summer_Peak,466
Apt_5,2024,Jun,Monsoon,420
Apt_5,2024,Jul,Monsoon,420
Apt_5,2024,Aug,Monsoon,420
Apt_5,2024,Sep,Autumn,416
Apt_5,2024,Oct,Autumn,413
Apt_5,2024,Nov,Winter,376
Apt_5,2024,Dec,Winter,365
Apt_6,2015,Jan,Winter,408
Apt_6,2015,Feb,Winter,409
Apt_6,2015,Mar,Autumn,421
Apt_6,2015,Apr,Summer_Peak,513
Apt_6,2015,May,Summer_Peak,506
Apt_6,2015,Jun,Monsoon,463
Apt_6,2015,Jul,Monsoon,449
Apt_6,2015,Aug,Monsoon,456
Apt_6,2015,Sep,Autumn,416
Apt_6,2015,Oct,Autumn,436
Apt_6,2015,Nov,Winter,415
Apt_6,2015,Dec,Winter,390
Apt_6,2016,Jan,Winter,395
Apt_6,2016,Feb,Winter,411
Apt_6,2016,Mar,Autumn,420
Apt_6,2016,Apr,Summer_Peak,498
Apt_6,2016,May,Summer_Peak,496
Apt_6,2016,Jun,Monsoon,446
Apt_6,2016,Jul,Monsoon,460
Apt_6,2016,Aug,Monsoon,463
Apt_6,2016,Sep,Autumn,413
Apt_6,2016,Oct,Autumn,421
Apt_6,2016,Nov,Winter,412
Apt_6,2016,Dec,Winter,383
Apt_6,2017,Jan,Winter,382
Apt_6,2017,Feb,Winter,411
Apt_6,2017,Mar,Autumn,421
Apt_6,2017,Apr,Summer_Peak,480
Apt_6,2017,May,Summer_Peak,512
Apt_6,2017,Jun,Monsoon,458
Apt_6,2017,Jul,Monsoon,440
Apt_6,2017,Aug,Monsoon,442
Apt_6,2017,Sep,Autumn,426
Apt_6,2017,Oct,Autumn,415
Apt_6,2017,Nov,Winter,417
Apt_6,2017,Dec,Winter,406
Apt_6,2018,Jan,Winter,415
Apt_6,2018,Feb,Winter,400
Apt_6,2018,Mar,Autumn,412
Apt_6,2018,Apr,Summer_Peak,498
Apt_6,2018,May,Summer_Peak,495
Apt_6,2018,Jun,Monsoon,441
Apt_6,2018,Jul,Monsoon,455
Apt_6,2018,Aug,Monsoon,450
Apt_6,2018,Sep,Autumn,421
Apt_6,2018,Oct,Autumn,429
Apt_6,2018,Nov,Winter,396
Apt_6,2018,Dec,Winter,411
Apt_6,2019,Jan,Winter,398
Apt_6,2019,Feb,Winter,412
Apt_6,2019,Mar,Autumn,418
Apt_6,2019,Apr,Summer_Peak,511
Apt_6,2019,May,Summer_Peak,486
Apt_6,2019,Jun,Monsoon,451
Apt_6,2019,Jul,Monsoon,458
Apt_6,2019,Aug,Monsoon,464
Apt_6,2019,Sep,Autumn,426
Apt_6,2019,Oct,Autumn,437
Apt_6,2019,Nov,Winter,382
Apt_6,2019,Dec,Winter,384
Apt_6,2020,Jan,Winter,417
Apt_6,2020,Feb,Winter,415
Apt_6,2020,Mar,Autumn,437
Apt_6,2020,Apr,Summer_Peak,498
Apt_6,2020,May,Summer_Peak,514
Apt_6,2020,Jun,Monsoon,440
Apt_6,2020,Jul,Monsoon,468
Apt_6,2020,Aug,Monsoon,460
Apt_6,2020,Sep,Autumn,423
Apt_6,2020,Oct,Autumn,439
Apt_6,2020,Nov,Winter,407
Apt_6,2020,Dec,Winter,409
Apt_6,2021,Jan,Winter,382
Apt_6,2021,Feb,Winter,410
Apt_6,2021,Mar,Autumn,425
Apt_6,2021,Apr,Summer_Peak,486
Apt_6,2021,May,Summer_Peak,496
Apt_6,2021,Jun,Monsoon,463
Apt_6,2021,Jul,Monsoon,454
Apt_6,2021,Aug,Monsoon,440
Apt_6,2021,Sep,Autumn,417
Apt_6,2021,Oct,Autumn,411
Apt_6,2021,Nov,Winter,392
Apt_6,2021,Dec,Winter,392
Apt_6,2022,Jan,Winter,407
Apt_6,2022,Feb,Winter,393
Apt_6,2022,Mar,Autumn,440
Apt_6,2022,Apr,Summer_Peak,489
Apt_6,2022,May,Summer_Peak,504
Apt_6,2022,Jun,Monsoon,465
Apt_6,2022,Jul,Monsoon,461
Apt_6,2022,Aug,Monsoon,441
Apt_6,2022,Sep,Autumn,427
Apt_6,2022,Oct,Autumn,422
Apt_6,2022,Nov,Winter,406
Apt_6,2022,Dec,Winter,414
Apt_6,2023,Jan,Winter,384
Apt_6,2023,Feb,Winter,389
Apt_6,2023,Mar,Autumn,418
Apt_6,2023,Apr,Summer_Peak,499
Apt_6,2023,May,Summer_Peak,516
Apt_6,2023,Jun,Monsoon,467
Apt_6,2023,Jul,Monsoon,456
Apt_6,2023,Aug,Monsoon,460
Apt_6,2023,Sep,Autumn,426
Apt_6,2023,Oct,Autumn,435
Apt_6,2023,Nov,Winter,420
Apt_6,2023,Dec,Winter,405
Apt_6,2024,Jan,Winter,419
Apt_6,2024,Feb,Winter,395
Apt_6,2024,Mar,Autumn,437
Apt_6,2024,Apr,Summer_Peak,503
Apt_6,2024,May,Summer_Peak,500
Apt_6,2024,Jun,Monsoon,457
Apt_6,2024,Jul,Monsoon,463
Apt_6,2024,Aug,Monsoon,461
Apt_6,2024,Sep,Autumn,436
Apt_6,2024,Oct,Autumn,412
Apt_6,2024,Nov,Winter,413
Apt_6,2024,Dec,Winter,386
Apt_7,2015,Jan,Winter,402
Apt_7,2015,Feb,Winter,412
Apt_7,2015,Mar,Autumn,459
Apt_7,2015,Apr,Summer_Peak,514
Apt_7,2015,May,Summer_Peak,505
Apt_7,2015,Jun,Monsoon,477
Apt_7,2015,Jul,Monsoon,463
Apt_7,2015,Aug,Monsoon,484
Apt_7,2015,Sep,Autumn,444
Apt_7,2015,Oct,Autumn,440
Apt_7,2015,Nov,Winter,433
Apt_7,2015,Dec,Winter,419
Apt_7,2016,Jan,Winter,413
Apt_7,2016,Feb,Winter,418
Apt_7,2016,Mar,Autumn,444
Apt_7,2016,Apr,Summer_Peak,527
Apt_7,2016,May,Summer_Peak,537
Apt_7,2016,Jun,Monsoon,480
Apt_7,2016,Jul,Monsoon,467
Apt_7,2016,Aug,Monsoon,471
Apt_7,2016,Sep,Autumn,442
Apt_7,2016,Oct,Autumn,444
Apt_7,2016,Nov,Winter,425
Apt_7,2016,Dec,Winter,431
Apt_7,2017,Jan,Winter,413
Apt_7,2017,Feb,Winter,401
Apt_7,2017,Mar,Autumn,431
Apt_7,2017,Apr,Summer_Peak,529
Apt_7,2017,May,Summer_Peak,512
Apt_7,2017,Jun,Monsoon,481
Apt_7,2017,Jul,Monsoon,469
Apt_7,2017,Aug,Monsoon,482
Apt_7,2017,Sep,Autumn,436
Apt_7,2017,Oct,Autumn,443
Apt_7,2017,Nov,Winter,435
Apt_7,2017,Dec,Winter,406
Apt_7,2018,Jan,Winter,436
Apt_7,2018,Feb,Winter,405
Apt_7,2018,Mar,Autumn,452
Apt_7,2018,Apr,Summer_Peak,512
Apt_7,2018,May,Summer_Peak,502
Apt_7,2018,Jun,Monsoon,487
Apt_7,2018,Jul,Monsoon,463
Apt_7,2018,Aug,Monsoon,462
Apt_7,2018,Sep,Autumn,454
Apt_7,2018,Oct,Autumn,444
Apt_7,2018,Nov,Winter,429
Apt_7,2018,Dec,Winter,417
Apt_7,2019,Jan,Winter,414
Apt_7,2019,Feb,Winter,422
Apt_7,2019,Mar,Autumn,442
Apt_7,2019,Apr,Summer_Peak,514
Apt_7,2019,May,Summer_Peak,529
Apt_7,2019,Jun,Monsoon,487
Apt_7,2019,Jul,Monsoon,480
Apt_7,2019,Aug,Monsoon,463
Apt_7,2019,Sep,Autumn,457
Apt_7,2019,Oct,Autumn,449
Apt_7,2019,Nov,Winter,423
Apt_7,2019,Dec,Winter,427
Apt_7,2020,Jan,Winter,436
Apt_7,2020,Feb,Winter,410
Apt_7,2020,Mar,Autumn,446
Apt_7,2020,Apr,Summer_Peak,522
Apt_7,2020,May,Summer_Peak,515
Apt_7,2020,Jun,Monsoon,485
Apt_7,2020,Jul,Monsoon,463
Apt_7,2020,Aug,Monsoon,480
Apt_7,2020,Sep,Autumn,444
Apt_7,2020,Oct,Autumn,448
Apt_7,2020,Nov,Winter,440
Apt_7,2020,Dec,Winter,440
Apt_7,2021,Jan,Winter,424
Apt_7,2021,Feb,Winter,426
Apt_7,2021,Mar,Autumn,434
Apt_7,2021,Apr,Summer_Peak,504
Apt_7,2021,May,Summer_Peak,512
Apt_7,2021,Jun,Monsoon,476
Apt_7,2021,Jul,Monsoon,470
Apt_7,2021,Aug,Monsoon,486
Apt_7,2021,Sep,Autumn,456
Apt_7,2021,Oct,Autumn,450
Apt_7,2021,Nov,Winter,406
Apt_7,2021,Dec,Winter,417
Apt_7,2022,Jan,Winter,418
Apt_7,2022,Feb,Winter,409
Apt_7,2022,Mar,Autumn,432
Apt_7,2022,Apr,Summer_Peak,506
Apt_7,2022,May,Summer_Peak,522
Apt_7,2022,Jun,Monsoon,484
Apt_7,2022,Jul,Monsoon,469
Apt_7,2022,Aug,Monsoon,470
Apt_7,2022,Sep,Autumn,444
Apt_7,2022,Oct,Autumn,449
Apt_7,2022,Nov,Winter,423
Apt_7,2022,Dec,Winter,419
Apt_7,2023,Jan,Winter,420
Apt_7,2023,Feb,Winter,410
Apt_7,2023,Mar,Autumn,460
Apt_7,2023,Apr,Summer_Peak,532
Apt_7,2023,May,Summer_Peak,522
Apt_7,2023,Jun,Monsoon,486
Apt_7,2023,Jul,Monsoon,468
Apt_7,2023,Aug,Monsoon,488
Apt_7,2023,Sep,Autumn,440
Apt_7,2023,Oct,Autumn,454
Apt_7,2023,Nov,Winter,440
Apt_7,2023,Dec,Winter,428
Apt_7,2024,Jan,Winter,413
Apt_7,2024,Feb,Winter,409
Apt_7,2024,Mar,Autumn,444
Apt_7,2024,Apr,Summer_Peak,530
Apt_7,2024,May,Summer_Peak,515
Apt_7,2024,Jun,Monsoon,483
Apt_7,2024,Jul,Monsoon,469
Apt_7,2024,Aug,Monsoon,471
Apt_7,2024,Sep,Autumn,450
Apt_7,2024,Oct,Autumn,447
Apt_7,2024,Nov,Winter,401
Apt_7,2024,Dec,Winter,414
Apt_8,2015,Jan,Winter,423
Apt_8,2015,Feb,Winter,431
Apt_8,2015,Mar,Autumn,468
Apt_8,2015,Apr,Summer_Peak,533
Apt_8,2015,May,Summer_Peak,536
Apt_8,2015,Jun,Monsoon,485
Apt_8,2015,Jul,Monsoon,499
Apt_8,2015,Aug,Monsoon,498
Apt_8,2015,Sep,Autumn,473
Apt_8,2015,Oct,Autumn,459
Apt_8,2015,Nov,Winter,436
Apt_8,2015,Dec,Winter,453
Apt_8,2016,Jan,Winter,447
Apt_8,2016,Feb,Winter,448
Apt_8,2016,Mar,Autumn,460
Apt_8,2016,Apr,Summer_Peak,550
Apt_8,2016,May,Summer_Peak,544
Apt_8,2016,Jun,Monsoon,510
Apt_8,2016,Jul,Monsoon,506
Apt_8,2016,Aug,Monsoon,489
Apt_8,2016,Sep,Autumn,466
Apt_8,2016,Oct,Autumn,470
Apt_8,2016,Nov,Winter,438
Apt_8,2016,Dec,Winter,427
Apt_8,2017,Jan,Winter,421
Apt_8,2017,Feb,Winter,459
Apt_8,2017,Mar,Autumn,479
Apt_8,2017,Apr,Summer_Peak,534
Apt_8,2017,May,Summer_Peak,550
Apt_8,2017,Jun,Monsoon,490
Apt_8,2017,Jul,Monsoon,489
Apt_8,2017,Aug,Monsoon,483
Apt_8,2017,Sep,Autumn,462
Apt_8,2017,Oct,Autumn,467
Apt_8,2017,Nov,Winter,450
Apt_8,2017,Dec,Winter,430
Apt_8,2018,Jan,Winter,447
Apt_8,2018,Feb,Winter,445
Apt_8,2018,Mar,Autumn,450
Apt_8,2018,Apr,Summer_Peak,530
Apt_8,2018,May,Summer_Peak,538
Apt_8,2018,Jun,Monsoon,500
Apt_8,2018,Jul,Monsoon,504
Apt_8,2018,Aug,Monsoon,493
Apt_8,2018,Sep,Autumn,467
Apt_8,2018,Oct,Autumn,452
Apt_8,2018,Nov,Winter,457
Apt_8,2018,Dec,Winter,424
Apt_8,2019,Jan,Winter,443
Apt_8,2019,Feb,Winter,433
Apt_8,2019,Mar,Autumn,473
Apt_8,2019,Apr,Summer_Peak,540
Apt_8,2019,May,Summer_Peak,526
Apt_8,2019,Jun,Monsoon,506
Apt_8,2019,Jul,Monsoon,508
Apt_8,2019,Aug,Monsoon,500
Apt_8,2019,Sep,Autumn,451
Apt_8,2019,Oct,Autumn,468
Apt_8,2019,Nov,Winter,424
Apt_8,2019,Dec,Winter,427
Apt_8,2020,Jan,Winter,452
Apt_8,2020,Feb,Winter,447
Apt_8,2020,Mar,Autumn,479
Apt_8,2020,Apr,Summer_Peak,543
Apt_8,2020,May,Summer_Peak,556
Apt_8,2020,Jun,Monsoon,497
Apt_8,2020,Jul,Monsoon,500
Apt_8,2020,Aug,Monsoon,507
Apt_8,2020,Sep,Autumn,451
Apt_8,2020,Oct,Autumn,457
Apt_8,2020,Nov,Winter,456
Apt_8,2020,Dec,Winter,447
Apt_8,2021,Jan,Winter,458
Apt_8,2021,Feb,Winter,452
Apt_8,2021,Mar,Autumn,472
Apt_8,2021,Apr,Summer_Peak,560
Apt_8,2021,May,Summer_Peak,529
Apt_8,2021,Jun,Monsoon,487
Apt_8,2021,Jul,Monsoon,500
Apt_8,2021,Aug,Monsoon,481
Apt_8,2021,Sep,Autumn,459
Apt_8,2021,Oct,Autumn,457
Apt_8,2021,Nov,Winter,457
Apt_8,2021,Dec,Winter,420
Apt_8,2022,Jan,Winter,451
Apt_8,2022,Feb,Winter,443
Apt_8,2022,Mar,Autumn,479
Apt_8,2022,Apr,Summer_Peak,525
Apt_8,2022,May,Summer_Peak,544
Apt_8,2022,Jun,Monsoon,502
Apt_8,2022,Jul,Monsoon,497
Apt_8,2022,Aug,Monsoon,494
Apt_8,2022,Sep,Autumn,465
Apt_8,2022,Oct,Autumn,476
Apt_8,2022,Nov,Winter,427
Apt_8,2022,Dec,Winter,438
Apt_8,2023,Jan,Winter,432
Apt_8,2023,Feb,Winter,445
Apt_8,2023,Mar,Autumn,464
Apt_8,2023,Apr,Summer_Peak,530
Apt_8,2023,May,Summer_Peak,524
Apt_8,2023,Jun,Monsoon,504
Apt_8,2023,Jul,Monsoon,502
Apt_8,2023,Aug,Monsoon,498
Apt_8,2023,Sep,Autumn,454
Apt_8,2023,Oct,Autumn,464
Apt_8,2023,Nov,Winter,456
Apt_8,2023,Dec,Winter,428
Apt_8,2024,Jan,Winter,421
Apt_8,2024,Feb,Winter,421
Apt_8,2024,Mar,Autumn,451
Apt_8,2024,Apr,Summer_Peak,521
Apt_8,2024,May,Summer_Peak,538
Apt_8,2024,Jun,Monsoon,498
Apt_8,2024,Jul,Monsoon,483
Apt_8,2024,Aug,Monsoon,504
Apt_8,2024,Sep,Autumn,453
Apt_8,2024,Oct,Autumn,466
Apt_8,2024,Nov,Winter,431
Apt_8,2024,Dec,Winter,441
Apt_9,2015,Jan,Winter,446
Apt_9,2015,Feb,Winter,448
Apt_9,2015,Mar,Autumn,483
Apt_9,2015,Apr,Summer_Peak,552
Apt_9,2015,May,Summer_Peak,570
Apt_9,2015,Jun,Monsoon,512
Apt_9,2015,Jul,Monsoon,516
Apt_9,2015,Aug,Monsoon,520
Apt_9,2015,Sep,Autumn,498
Apt_9,2015,Oct,Autumn,482
Apt_9,2015,Nov,Winter,447
Apt_9,2015,Dec,Winter,459
Apt_9,2016,Jan,Winter,476
Apt_9,2016,Feb,Winter,449
Apt_9,2016,Mar,Autumn,470
Apt_9,2016,Apr,Summer_Peak,559
Apt_9,2016,May,Summer_Peak,573
Apt_9,2016,Jun,Monsoon,525
Apt_9,2016,Jul,Monsoon,521
Apt_9,2016,Aug,Monsoon,530
Apt_9,2016,Sep,Autumn,477
Apt_9,2016,Oct,Autumn,478
Apt_9,2016,Nov,Winter,469
Apt_9,2016,Dec,Winter,475
Apt_9,2017,Jan,Winter,446
Apt_9,2017,Feb,Winter,467
Apt_9,2017,Mar,Autumn,480
Apt_9,2017,Apr,Summer_Peak,558
Apt_9,2017,May,Summer_Peak,576
Apt_9,2017,Jun,Monsoon,513
Apt_9,2017,Jul,Monsoon,504
Apt_9,2017,Aug,Monsoon,524
Apt_9,2017,Sep,Autumn,473
Apt_9,2017,Oct,Autumn,479
Apt_9,2017,Nov,Winter,472
Apt_9,2017,Dec,Winter,465
Apt_9,2018,Jan,Winter,458
Apt_9,2018,Feb,Winter,467
Apt_9,2018,Mar,Autumn,485
Apt_9,2018,Apr,Summer_Peak,580
Apt_9,2018,May,Summer_Peak,556
Apt_9,2018,Jun,Monsoon,509
Apt_9,2018,Jul,Monsoon,502
Apt_9,2018,Aug,Monsoon,513
Apt_9,2018,Sep,Autumn,498
Apt_9,2018,Oct,Autumn,493
Apt_9,2018,Nov,Winter,462
Apt_9,2018,Dec,Winter,478
Apt_9,2019,Jan,Winter,444
Apt_9,2019,Feb,Winter,452
Apt_9,2019,Mar,Autumn,486
Apt_9,2019,Apr,Summer_Peak,558
Apt_9,2019,May,Summer_Peak,563
Apt_9,2019,Jun,Monsoon,515
Apt_9,2019,Jul,Monsoon,517
Apt_9,2019,Aug,Monsoon,508
Apt_9,2019,Sep,Autumn,492
Apt_9,2019,Oct,Autumn,488
Apt_9,2019,Nov,Winter,474
Apt_9,2019,Dec,Winter,440
Apt_9,2020,Jan,Winter,447
Apt_9,2020,Feb,Winter,470
Apt_9,2020,Mar,Autumn,497
Apt_9,2020,Apr,Summer_Peak,570
Apt_9,2020,May,Summer_Peak,550
Apt_9,2020,Jun,Monsoon,510
Apt_9,2020,Jul,Monsoon,517
Apt_9,2020,Aug,Monsoon,528
Apt_9,2020,Sep,Autumn,477
Apt_9,2020,Oct,Autumn,490
Apt_9,2020,Nov,Winter,457
Apt_9,2020,Dec,Winter,443
Apt_9,2021,Jan,Winter,459
Apt_9,2021,Feb,Winter,447
Apt_9,2021,Mar,Autumn,481
Apt_9,2021,Apr,Summer_Peak,544
Apt_9,2021,May,Summer_Peak,553
Apt_9,2021,Jun,Monsoon,512
Apt_9,2021,Jul,Monsoon,504
Apt_9,2021,Aug,Monsoon,516
Apt_9,2021,Sep,Autumn,474
Apt_9,2021,Oct,Autumn,474
Apt_9,2021,Nov,Winter,463
Apt_9,2021,Dec,Winter,458
Apt_9,2022,Jan,Winter,444
Apt_9,2022,Feb,Winter,463
Apt_9,2022,Mar,Autumn,491
Apt_9,2022,Apr,Summer_Peak,570
Apt_9,2022,May,Summer_Peak,553
Apt_9,2022,Jun,Monsoon,526
Apt_9,2022,Jul,Monsoon,519
Apt_9,2022,Aug,Monsoon,530
Apt_9,2022,Sep,Autumn,472
Apt_9,2022,Oct,Autumn,496
Apt_9,2022,Nov,Winter,459
Apt_9,2022,Dec,Winter,472
Apt_9,2023,Jan,Winter,451
Apt_9,2023,Feb,Winter,444
Apt_9,2023,Mar,Autumn,487
Apt_9,2023,Apr,Summer_Peak,578
Apt_9,2023,May,Summer_Peak,547
Apt_9,2023,Jun,Monsoon,515
Apt_9,2023,Jul,Monsoon,505
Apt_9,2023,Aug,Monsoon,511
Apt_9,2023,Sep,Autumn,484
Apt_9,2023,Oct,Autumn,492
Apt_9,2023,Nov,Winter,471
Apt_9,2023,Dec,Winter,454
Apt_9,2024,Jan,Winter,462
Apt_9,2024,Feb,Winter,469
Apt_9,2024,Mar,Autumn,483
Apt_9,2024,Apr,Summer_Peak,555
Apt_9,2024,May,Summer_Peak,565
Apt_9,2024,Jun,Monsoon,524
Apt_9,2024,Jul,Monsoon,525
Apt_9,2024,Aug,Monsoon,509
Apt_9,2024,Sep,Autumn,481
Apt_9,2024,Oct,Autumn,500
Apt_9,2024,Nov,Winter,465
Apt_9,2024,Dec,Winter,475
Apt_10,2015,Jan,Winter,486
Apt_10,2015,Feb,Winter,461
Apt_10,2015,Mar,Autumn,493
Apt_10,2015,Apr,Summer_Peak,587
Apt_10,2015,May,Summer_Peak,565
Apt_10,2015,Jun,Monsoon,548
Apt_10,2015,Jul,Monsoon,520
Apt_10,2015,Aug,Monsoon,529
Apt_10,2015,Sep,Autumn,510
Apt_10,2015,Oct,Autumn,506
Apt_10,2015,Nov,Winter,467
Apt_10,2015,Dec,Winter,460
Apt_10,2016,Jan,Winter,495
Apt_10,2016,Feb,Winter,496
Apt_10,2016,Mar,Autumn,499
Apt_10,2016,Apr,Summer_Peak,585
Apt_10,2016,May,Summer_Peak,588
Apt_10,2016,Jun,Monsoon,520
Apt_10,2016,Jul,Monsoon,550
Apt_10,2016,Aug,Monsoon,537
Apt_10,2016,Sep,Autumn,511
Apt_10,2016,Oct,Autumn,500
Apt_10,2016,Nov,Winter,472
Apt_10,2016,Dec,Winter,495
Apt_10,2017,Jan,Winter,486
Apt_10,2017,Feb,Winter,468
Apt_10,2017,Mar,Autumn,519
Apt_10,2017,Apr,Summer_Peak,587
Apt_10,2017,May,Summer_Peak,600
Apt_10,2017,Jun,Monsoon,524
Apt_10,2017,Jul,Monsoon,526
Apt_10,2017,Aug,Monsoon,542
Apt_10,2017,Sep,Autumn,496
Apt_10,2017,Oct,Autumn,490
Apt_10,2017,Nov,Winter,471
Apt_10,2017,Dec,Winter,499
Apt_10,2018,Jan,Winter,486
Apt_10,2018,Feb,Winter,475
Apt_10,2018,Mar,Autumn,492
Apt_10,2018,Apr,Summer_Peak,580
Apt_10,2018,May,Summer_Peak,600
Apt_10,2018,Jun,Monsoon,521
Apt_10,2018,Jul,Monsoon,550
Apt_10,2018,Aug,Monsoon,534
Apt_10,2018,Sep,Autumn,493
Apt_10,2018,Oct,Autumn,491
Apt_10,2018,Nov,Winter,471
Apt_10,2018,Dec,Winter,468
Apt_10,2019,Jan,Winter,482
Apt_10,2019,Feb,Winter,466
Apt_10,2019,Mar,Autumn,495
Apt_10,2019,Apr,Summer_Peak,593
Apt_10,2019,May,Summer_Peak,578
Apt_10,2019,Jun,Monsoon,525
Apt_10,2019,Jul,Monsoon,525
Apt_10,2019,Aug,Monsoon,527
Apt_10,2019,Sep,Autumn,490
Apt_10,2019,Oct,Autumn,493
Apt_10,2019,Nov,Winter,477
Apt_10,2019,Dec,Winter,499
Apt_10,2020,Jan,Winter,492
Apt_10,2020,Feb,Winter,483
Apt_10,2020,Mar,Autumn,510
Apt_10,2020,Apr,Summer_Peak,569
Apt_10,2020,May,Summer_Peak,588
Apt_10,2020,Jun,Monsoon,520
Apt_10,2020,Jul,Monsoon,531
Apt_10,2020,Aug,Monsoon,525
Apt_10,2020,Sep,Autumn,510
Apt_10,2020,Oct,Autumn,490
Apt_10,2020,Nov,Winter,471
Apt_10,2020,Dec,Winter,493
Apt_10,2021,Jan,Winter,500
Apt_10,2021,Feb,Winter,484
Apt_10,2021,Mar,Autumn,506
Apt_10,2021,Apr,Summer_Peak,594
Apt_10,2021,May,Summer_Peak,566
Apt_10,2021,Jun,Monsoon,549
Apt_10,2021,Jul,Monsoon,542
Apt_10,2021,Aug,Monsoon,520
Apt_10,2021,Sep,Autumn,500
Apt_10,2021,Oct,Autumn,492
Apt_10,2021,Nov,Winter,484
Apt_10,2021,Dec,Winter,474
Apt_10,2022,Jan,Winter,492
Apt_10,2022,Feb,Winter,485
Apt_10,2022,Mar,Autumn,515
Apt_10,2022,Apr,Summer_Peak,585
Apt_10,2022,May,Summer_Peak,574
Apt_10,2022,Jun,Monsoon,540
Apt_10,2022,Jul,Monsoon,545
Apt_10,2022,Aug,Monsoon,532
Apt_10,2022,Sep,Autumn,501
Apt_10,2022,Oct,Autumn,520
Apt_10,2022,Nov,Winter,467
Apt_10,2022,Dec,Winter,463
Apt_10,2023,Jan,Winter,493
Apt_10,2023,Feb,Winter,469
Apt_10,2023,Mar,Autumn,498
Apt_10,2023,Apr,Summer_Peak,599
Apt_10,2023,May,Summer_Peak,583
Apt_10,2023,Jun,Monsoon,527
Apt_10,2023,Jul,Monsoon,549
Apt_10,2023,Aug,Monsoon,521
Apt_10,2023,Sep,Autumn,505
Apt_10,2023,Oct,Autumn,508
Apt_10,2023,Nov,Winter,475
Apt_10,2023,Dec,Winter,500
Apt_10,2024,Jan,Winter,472
Apt_10,2024,Feb,Winter,488
Apt_10,2024,Mar,Autumn,491
Apt_10,2024,Apr,Summer_Peak,573
Apt_10,2024,May,Summer_Peak,582
Apt_10,2024,Jun,Monsoon,526
Apt_10,2024,Jul,Monsoon,548
Apt_10,2024,Aug,Monsoon,549
Apt_10,2024,Sep,Autumn,520
Apt_10,2024,Oct,Autumn,497
Apt_10,2024,Nov,Winter,487
Apt_10,2024,Dec,Winter,472
Apt_11,2015,Jan,Winter,498
Apt_11,2015,Feb,Winter,502
Apt_11,2015,Mar,Autumn,517
Apt_11,2015,Apr,Summer_Peak,589
Apt_11,2015,May,Summer_Peak,588
Apt_11,2015,Jun,Monsoon,555
Apt_11,2015,Jul,Monsoon,549
Apt_11,2015,Aug,Monsoon,548
Apt_11,2015,Sep,Autumn,518
Apt_11,2015,Oct,Autumn,524
Apt_11,2015,Nov,Winter,497
Apt_11,2015,Dec,Winter,519
Apt_11,2016,Jan,Winter,493
Apt_11,2016,Feb,Winter,513
Apt_11,2016,Mar,Autumn,531
Apt_11,2016,Apr,Summer_Peak,586
Apt_11,2016,May,Summer_Peak,608
Apt_11,2016,Jun,Monsoon,553
Apt_11,2016,Jul,Monsoon,545
Apt_11,2016,Aug,Monsoon,564
Apt_11,2016,Sep,Autumn,537
Apt_11,2016,Oct,Autumn,535
Apt_11,2016,Nov,Winter,511
Apt_11,2016,Dec,Winter,504
Apt_11,2017,Jan,Winter,518
Apt_11,2017,Feb,Winter,499
Apt_11,2017,Mar,Autumn,520
Apt_11,2017,Apr,Summer_Peak,581
Apt_11,2017,May,Summer_Peak,609
Apt_11,2017,Jun,Monsoon,570
Apt_11,2017,Jul,Monsoon,551
Apt_11,2017,Aug,Monsoon,542
Apt_11,2017,Sep,Autumn,528
Apt_11,2017,Oct,Autumn,535
Apt_11,2017,Nov,Winter,490
Apt_11,2017,Dec,Winter,520
Apt_11,2018,Jan,Winter,513
Apt_11,2018,Feb,Winter,501
Apt_11,2018,Mar,Autumn,528
Apt_11,2018,Apr,Summer_Peak,587
Apt_11,2018,May,Summer_Peak,619
Apt_11,2018,Jun,Monsoon,552
Apt_11,2018,Jul,Monsoon,568
Apt_11,2018,Aug,Monsoon,542
Apt_11,2018,Sep,Autumn,512
Apt_11,2018,Oct,Autumn,512
Apt_11,2018,Nov,Winter,480
Apt_11,2018,Dec,Winter,507
Apt_11,2019,Jan,Winter,504
Apt_11,2019,Feb,Winter,509
Apt_11,2019,Mar,Autumn,537
Apt_11,2019,Apr,Summer_Peak,603
Apt_11,2019,May,Summer_Peak,607
Apt_11,2019,Jun,Monsoon,549
Apt_11,2019,Jul,Monsoon,557
Apt_11,2019,Aug,Monsoon,542
Apt_11,2019,Sep,Autumn,527
Apt_11,2019,Oct,Autumn,526
Apt_11,2019,Nov,Winter,499
Apt_11,2019,Dec,Winter,486
Apt_11,2020,Jan,Winter,487
Apt_11,2020,Feb,Winter,509
Apt_11,2020,Mar,Autumn,528
Apt_11,2020,Apr,Summer_Peak,593
Apt_11,2020,May,Summer_Peak,591
Apt_11,2020,Jun,Monsoon,546
Apt_11,2020,Jul,Monsoon,545
Apt_11,2020,Aug,Monsoon,545
Apt_11,2020,Sep,Autumn,524
Apt_11,2020,Oct,Autumn,535
Apt_11,2020,Nov,Winter,515
Apt_11,2020,Dec,Winter,488
Apt_11,2021,Jan,Winter,513
Apt_11,2021,Feb,Winter,506
Apt_11,2021,Mar,Autumn,515
Apt_11,2021,Apr,Summer_Peak,590
Apt_11,2021,May,Summer_Peak,580
Apt_11,2021,Jun,Monsoon,540
Apt_11,2021,Jul,Monsoon,558
Apt_11,2021,Aug,Monsoon,541
Apt_11,2021,Sep,Autumn,528
Apt_11,2021,Oct,Autumn,525
Apt_11,2021,Nov,Winter,494
Apt_11,2021,Dec,Winter,515
Apt_11,2022,Jan,Winter,494
Apt_11,2022,Feb,Winter,514
Apt_11,2022,Mar,Autumn,536
Apt_11,2022,Apr,Summer_Peak,617
Apt_11,2022,May,Summer_Peak,589
Apt_11,2022,Jun,Monsoon,563
Apt_11,2022,Jul,Monsoon,558
Apt_11,2022,Aug,Monsoon,541
Apt_11,2022,Sep,Autumn,523
Apt_11,2022,Oct,Autumn,528
Apt_11,2022,Nov,Winter,489
Apt_11,2022,Dec,Winter,499
Apt_11,2023,Jan,Winter,482
Apt_11,2023,Feb,Winter,486
Apt_11,2023,Mar,Autumn,533
Apt_11,2023,Apr,Summer_Peak,603
Apt_11,2023,May,Summer_Peak,599
Apt_11,2023,Jun,Monsoon,565
Apt_11,2023,Jul,Monsoon,557
Apt_11,2023,Aug,Monsoon,542
Apt_11,2023,Sep,Autumn,536
Apt_11,2023,Oct,Autumn,517
Apt_11,2023,Nov,Winter,512
Apt_11,2023,Dec,Winter,481
Apt_11,2024,Jan,Winter,488
Apt_11,2024,Feb,Winter,493
Apt_11,2024,Mar,Autumn,536
Apt_11,2024,Apr,Summer_Peak,587
Apt_11,2024,May,Summer_Peak,582
Apt_11,2024,Jun,Monsoon,542
Apt_11,2024,Jul,Monsoon,563
Apt_11,2024,Aug,Monsoon,556
Apt_11,2024,Sep,Autumn,513
Apt_11,2024,Oct,Autumn,532
Apt_11,2024,Nov,Winter,506
Apt_11,2024,Dec,Winter,494
Apt_12,2015,Jan,Winter,512
Apt_12,2015,Feb,Winter,501
Apt_12,2015,Mar,Autumn,552
Apt_12,2015,Apr,Summer_Peak,621
Apt_12,2015,May,Summer_Peak,606
Apt_12,2015,Jun,Monsoon,590
Apt_12,2015,Jul,Monsoon,584
Apt_12,2015,Aug,Monsoon,583
Apt_12,2015,Sep,Autumn,538
Apt_12,2015,Oct,Autumn,545
Apt_12,2015,Nov,Winter,508
Apt_12,2015,Dec,Winter,531
Apt_12,2016,Jan,Winter,529
Apt_12,2016,Feb,Winter,509
Apt_12,2016,Mar,Autumn,537
Apt_12,2016,Apr,Summer_Peak,618
Apt_12,2016,May,Summer_Peak,633
Apt_12,2016,Jun,Monsoon,584
Apt_12,2016,Jul,Monsoon,574
Apt_12,2016,Aug,Monsoon,577
Apt_12,2016,Sep,Autumn,542
Apt_12,2016,Oct,Autumn,550
Apt_12,2016,Nov,Winter,510
Apt_12,2016,Dec,Winter,534
Apt_12,2017,Jan,Winter,531
Apt_12,2017,Feb,Winter,515
Apt_12,2017,Mar,Autumn,541
Apt_12,2017,Apr,Summer_Peak,608
Apt_12,2017,May,Summer_Peak,613
Apt_12,2017,Jun,Monsoon,589
Apt_12,2017,Jul,Monsoon,584
Apt_12,2017,Aug,Monsoon,571
Apt_12,2017,Sep,Autumn,544
Apt_12,2017,Oct,Autumn,532
Apt_12,2017,Nov,Winter,513
Apt_12,2017,Dec,Winter,531
Apt_12,2018,Jan,Winter,520
Apt_12,2018,Feb,Winter,527
Apt_12,2018,Mar,Autumn,547
Apt_12,2018,Apr,Summer_Peak,624
Apt_12,2018,May,Summer_Peak,619
Apt_12,2018,Jun,Monsoon,562
Apt_12,2018,Jul,Monsoon,566
Apt_12,2018,Aug,Monsoon,575
Apt_12,2018,Sep,Autumn,542
Apt_12,2018,Oct,Autumn,538
Apt_12,2018,Nov,Winter,512
Apt_12,2018,Dec,Winter,516
Apt_12,2019,Jan,Winter,524
Apt_12,2019,Feb,Winter,526
Apt_12,2019,Mar,Autumn,539
Apt_12,2019,Apr,Summer_Peak,623
Apt_12,2019,May,Summer_Peak,622
Apt_12,2019,Jun,Monsoon,589
Apt_12,2019,Jul,Monsoon,581
Apt_12,2019,Aug,Monsoon,572
Apt_12,2019,Sep,Autumn,549
Apt_12,2019,Oct,Autumn,551
Apt_12,2019,Nov,Winter,517
Apt_12,2019,Dec,Winter,525
Apt_12,2020,Jan,Winter,514
Apt_12,2020,Feb,Winter,504
Apt_12,2020,Mar,Autumn,543
Apt_12,2020,Apr,Summer_Peak,626
Apt_12,2020,May,Summer_Peak,620
Apt_12,2020,Jun,Monsoon,588
Apt_12,2020,Jul,Monsoon,583
Apt_12,2020,Aug,Monsoon,560
Apt_12,2020,Sep,Autumn,534
Apt_12,2020,Oct,Autumn,546
Apt_12,2020,Nov,Winter,506
Apt_12,2020,Dec,Winter,528
Apt_12,2021,Jan,Winter,536
Apt_12,2021,Feb,Winter,507
Apt_12,2021,Mar,Autumn,531
Apt_12,2021,Apr,Summer_Peak,619
Apt_12,2021,May,Summer_Peak,635
Apt_12,2021,Jun,Monsoon,562
Apt_12,2021,Jul,Monsoon,571
Apt_12,2021,Aug,Monsoon,590
Apt_12,2021,Sep,Autumn,544
Apt_12,2021,Oct,Autumn,541
Apt_12,2021,Nov,Winter,516
Apt_12,2021,Dec,Winter,535
Apt_12,2022,Jan,Winter,510
Apt_12,2022,Feb,Winter,500
Apt_12,2022,Mar,Autumn,560
Apt_12,2022,Apr,Summer_Peak,608
Apt_12,2022,May,Summer_Peak,608
Apt_12,2022,Jun,Monsoon,584
Apt_12,2022,Jul,Monsoon,561
Apt_12,2022,Aug,Monsoon,573
Apt_12,2022,Sep,Autumn,545
Apt_12,2022,Oct,Autumn,532
Apt_12,2022,Nov,Winter,512
Apt_12,2022,Dec,Winter,505
Apt_12,2023,Jan,Winter,528
Apt_12,2023,Feb,Winter,525
Apt_12,2023,Mar,Autumn,536
Apt_12,2023,Apr,Summer_Peak,634
Apt_12,2023,May,Summer_Peak,603
Apt_12,2023,Jun,Monsoon,574
Apt_12,2023,Jul,Monsoon,571
Apt_12,2023,Aug,Monsoon,590
Apt_12,2023,Sep,Autumn,552
Apt_12,2023,Oct,Autumn,544
Apt_12,2023,Nov,Winter,513
Apt_12,2023,Dec,Winter,500
Apt_12,2024,Jan,Winter,524
Apt_12,2024,Feb,Winter,522
Apt_12,2024,Mar,Autumn,539
Apt_12,2024,Apr,Summer_Peak,637
Apt_12,2024,May,Summer_Peak,631
Apt_12,2024,Jun,Monsoon,574
Apt_12,2024,Jul,Monsoon,565
Apt_12,2024,Aug,Monsoon,575
Apt_12,2024,Sep,Autumn,539
Apt_12,2024,Oct,Autumn,539
Apt_12,2024,Nov,Winter,515
Apt_12,2024,Dec,Winter,532
